Model,Test_Accuracy,Test_Precision_Macro,Test_Recall_Macro,Test_F1_Score_Macro,Best_Val_Accuracy,Epochs_Trained
Baseline CNN,0.9591165413533834,0.9633506739727503,0.962824833722946,0.9628731433444337,0.9506084322929382,8
MobileNetV2 Transfer Learning,0.9948308270676691,0.9938844636372463,0.9947450792435891,0.9943108219881202,0.9935576319694519,20
