Model,Test_Accuracy,Test_Precision_Macro,Test_Recall_Macro,Test_F1_Score_Macro,Best_Val_Accuracy,Epochs_Trained
Baseline CNN,0.30404135338345867,0.341233018013541,0.3140417312116793,0.21075461247126723,0.28346458077430725,7
MobileNetV2 Transfer Learning,0.9243421052631579,0.9077050574305404,0.9449734313006971,0.922591950254159,0.9269863963127136,15
